{
    "0": {
        "precision": 0.9807692307692307,
        "recall": 0.9807692307692307,
        "f1-score": 0.9807692307692307,
        "support": 104.0
    },
    "1": {
        "precision": 0.9782608695652174,
        "recall": 0.9782608695652174,
        "f1-score": 0.9782608695652174,
        "support": 92.0
    },
    "2": {
        "precision": 0.9607843137254902,
        "recall": 0.9514563106796117,
        "f1-score": 0.9560975609756097,
        "support": 103.0
    },
    "3": {
        "precision": 0.9900990099009901,
        "recall": 0.9803921568627451,
        "f1-score": 0.9852216748768472,
        "support": 102.0
    },
    "4": {
        "precision": 0.9611650485436893,
        "recall": 0.9801980198019802,
        "f1-score": 0.9705882352941178,
        "support": 101.0
    },
    "accuracy": 0.9741035856573705,
    "macro avg": {
        "precision": 0.9742156945009235,
        "recall": 0.9742153175357571,
        "f1-score": 0.9741875142962046,
        "support": 502.0
    },
    "weighted avg": {
        "precision": 0.9741604645946994,
        "recall": 0.9741035856573705,
        "f1-score": 0.9741037278538489,
        "support": 502.0
    }
}