{
    "Healthy": {
        "precision": 1.0,
        "recall": 0.41346153846153844,
        "f1-score": 0.5850340136054422,
        "support": 104.0
    },
    "Mosaic": {
        "precision": 0.6267605633802817,
        "recall": 0.967391304347826,
        "f1-score": 0.7606837606837609,
        "support": 92.0
    },
    "RedRot": {
        "precision": 0.7317073170731707,
        "recall": 0.8737864077669902,
        "f1-score": 0.7964601769911506,
        "support": 103.0
    },
    "Rust": {
        "precision": 0.93,
        "recall": 0.9117647058823529,
        "f1-score": 0.9207920792079208,
        "support": 102.0
    },
    "Yellow": {
        "precision": 0.851063829787234,
        "recall": 0.7920792079207921,
        "f1-score": 0.8205128205128204,
        "support": 101.0
    },
    "accuracy": 0.7868525896414342,
    "macro avg": {
        "precision": 0.8279063420481373,
        "recall": 0.7916966328758999,
        "f1-score": 0.7766965702002189,
        "support": 502.0
    },
    "weighted avg": {
        "precision": 0.8323611001952851,
        "recall": 0.7868525896414342,
        "f1-score": 0.7762040409939508,
        "support": 502.0
    }
}