{
    "0": {
        "precision": 0.6791044776119403,
        "recall": 0.875,
        "f1-score": 0.7647058823529411,
        "support": 104.0
    },
    "1": {
        "precision": 0.7833333333333333,
        "recall": 0.5108695652173914,
        "f1-score": 0.6184210526315789,
        "support": 92.0
    },
    "2": {
        "precision": 0.8333333333333334,
        "recall": 0.5825242718446602,
        "f1-score": 0.6857142857142858,
        "support": 103.0
    },
    "3": {
        "precision": 0.6335877862595419,
        "recall": 0.8137254901960784,
        "f1-score": 0.7124463519313303,
        "support": 102.0
    },
    "4": {
        "precision": 0.8952380952380953,
        "recall": 0.9306930693069307,
        "f1-score": 0.9126213592233011,
        "support": 101.0
    },
    "accuracy": 0.7470119521912351,
    "macro avg": {
        "precision": 0.7649194051552488,
        "recall": 0.7425624793130121,
        "f1-score": 0.7387817863706874,
        "support": 502.0
    },
    "weighted avg": {
        "precision": 0.7640873854365791,
        "recall": 0.7470119521912351,
        "f1-score": 0.7408306876771549,
        "support": 502.0
    }
}